[
  {
    "id": "mqtt-subscribe",
    "type": "mqtt in",
    "z": "024d36ce3a1dbe26",
    "name": "Subscribe to Sensors",
    "topic": "sensors/+/+",
    "qos": "0",
    "datatype": "auto",
    "broker": "emqx-broker",
    "nl": false,
    "rap": false,
    "inputs": 0,
    "x": 440,
    "y": 420,
    "wires": [
      [
        "c534f54f5a652aaf"
      ]
    ]
  },
  {
    "id": "bd5d6e56091b49fe",
    "type": "function",
    "z": "024d36ce3a1dbe26",
    "name": "Extract Value",
    "func": "// Extract and format data for dashboard chart\nvar value = msg.payload.value;\nvar unit = msg.payload.unit || \"\";\nvar location = msg.payload.location || \"\";\n\n// Parse topic to get sensor info\nvar topicParts = msg.topic.split('/');\nvar sensorType = topicParts[1];  // temperature, humidity, switch\nvar deviceId = topicParts[2];    // temp-001, hum-001, etc.\n\n// Set payload to numeric value (required for chart)\nmsg.payload = value;\n\n// Set series name for chart legend\nmsg.series = sensorType + \" (\" + deviceId + \")\";\n\n// Optional: Add metadata\nmsg.sensorType = sensorType;\nmsg.deviceId = deviceId;\nmsg.location = location;\nmsg.unit = unit;\n\nreturn msg;",
    "outputs": 1,
    "timeout": 0,
    "noerr": 0,
    "initialize": "",
    "finalize": "",
    "libs": [],
    "x": 830,
    "y": 420,
    "wires": [
      [
        "d8ebd779360189bf",
        "15a04311220aebd8"
      ]
    ]
  },
  {
    "id": "c534f54f5a652aaf",
    "type": "json",
    "z": "024d36ce3a1dbe26",
    "name": "",
    "property": "payload",
    "action": "",
    "pretty": false,
    "x": 650,
    "y": 420,
    "wires": [
      [
        "bd5d6e56091b49fe"
      ]
    ]
  },
  {
    "id": "d8ebd779360189bf",
    "type": "ui-chart",
    "z": "024d36ce3a1dbe26",
    "group": "c9e35fbc32d82c9e",
    "name": "",
    "label": "chart",
    "order": 9007199254740991,
    "chartType": "line",
    "category": "topic",
    "categoryType": "msg",
    "xAxisLabel": "",
    "xAxisProperty": "",
    "xAxisPropertyType": "timestamp",
    "xAxisType": "time",
    "xAxisFormat": "{{value}}",
    "xAxisFormatType": "custom",
    "xmin": "",
    "xmax": "",
    "yAxisLabel": "",
    "yAxisProperty": "payload",
    "yAxisPropertyType": "msg",
    "ymin": "",
    "ymax": "",
    "bins": 10,
    "action": "append",
    "stackSeries": false,
    "pointShape": "circle",
    "pointRadius": 4,
    "showLegend": true,
    "removeOlder": 1,
    "removeOlderUnit": "3600",
    "removeOlderPoints": "",
    "colors": [
      "#0095ff",
      "#ff0000",
      "#ff7f0e",
      "#2ca02c",
      "#a347e1",
      "#d62728",
      "#ff9896",
      "#9467bd",
      "#c5b0d5"
    ],
    "textColor": [
      "#666666"
    ],
    "textColorDefault": true,
    "gridColor": [
      "#e5e5e5"
    ],
    "gridColorDefault": true,
    "width": 6,
    "height": 8,
    "className": "",
    "interpolation": "linear",
    "x": 1130,
    "y": 420,
    "wires": [
      []
    ]
  },
  {
    "id": "15a04311220aebd8",
    "type": "switch",
    "z": "024d36ce3a1dbe26",
    "name": "",
    "property": "sensorType",
    "propertyType": "msg",
    "rules": [
      {
        "t": "eq",
        "v": "temperature",
        "vt": "str"
      },
      {
        "t": "eq",
        "v": "humidity",
        "vt": "str"
      },
      {
        "t": "eq",
        "v": "switch",
        "vt": "str"
      }
    ],
    "checkall": "true",
    "repair": false,
    "outputs": 3,
    "x": 890,
    "y": 540,
    "wires": [
      [
        "1ea422debfce3bdc"
      ],
      [
        "c293495fbe2e03e1"
      ],
      [
        "594a9a906c6c3853"
      ]
    ]
  },
  {
    "id": "1ea422debfce3bdc",
    "type": "ui-gauge",
    "z": "024d36ce3a1dbe26",
    "name": "Temperature",
    "group": "c9e35fbc32d82c9e",
    "order": 0,
    "value": "payload",
    "valueType": "msg",
    "width": 3,
    "height": 3,
    "gtype": "gauge-half",
    "gstyle": "needle",
    "title": "gauge",
    "alwaysShowTitle": false,
    "floatingTitlePosition": "top-left",
    "units": "units",
    "icon": "",
    "prefix": "",
    "suffix": "",
    "segments": [
      {
        "from": "0",
        "color": "#5cd65c",
        "text": "",
        "textType": "label"
      },
      {
        "from": "25",
        "color": "#ffc800",
        "text": "",
        "textType": "label"
      },
      {
        "from": "50",
        "color": "#ea5353",
        "text": "",
        "textType": "label"
      }
    ],
    "min": 0,
    "max": "50",
    "sizeThickness": 16,
    "sizeGap": 4,
    "sizeKeyThickness": 8,
    "styleRounded": true,
    "styleGlow": false,
    "className": "",
    "x": 1150,
    "y": 480,
    "wires": [
      []
    ]
  },
  {
    "id": "c293495fbe2e03e1",
    "type": "ui-gauge",
    "z": "024d36ce3a1dbe26",
    "name": "Humidity",
    "group": "c9e35fbc32d82c9e",
    "order": 0,
    "value": "payload",
    "valueType": "msg",
    "width": 3,
    "height": 3,
    "gtype": "gauge-half",
    "gstyle": "needle",
    "title": "gauge",
    "alwaysShowTitle": false,
    "floatingTitlePosition": "top-left",
    "units": "units",
    "icon": "",
    "prefix": "",
    "suffix": "",
    "segments": [
      {
        "from": "0",
        "color": "#5cd65c",
        "text": "",
        "textType": "label"
      },
      {
        "from": "60",
        "color": "#ffc800",
        "text": "",
        "textType": "label"
      },
      {
        "from": "120",
        "color": "#ea5353",
        "text": "",
        "textType": "label"
      }
    ],
    "min": 0,
    "max": "120",
    "sizeThickness": 16,
    "sizeGap": 4,
    "sizeKeyThickness": 8,
    "styleRounded": true,
    "styleGlow": false,
    "className": "",
    "x": 1140,
    "y": 540,
    "wires": [
      []
    ]
  },
  {
    "id": "594a9a906c6c3853",
    "type": "ui-gauge",
    "z": "024d36ce3a1dbe26",
    "name": "Switch",
    "group": "c9e35fbc32d82c9e",
    "order": 0,
    "value": "payload",
    "valueType": "msg",
    "width": 3,
    "height": 3,
    "gtype": "gauge-half",
    "gstyle": "needle",
    "title": "gauge",
    "alwaysShowTitle": false,
    "floatingTitlePosition": "top-left",
    "units": "units",
    "icon": "",
    "prefix": "",
    "suffix": "",
    "segments": [
      {
        "from": "0",
        "color": "#5cd65c",
        "text": "",
        "textType": "label"
      },
      {
        "from": "0.5",
        "color": "#ffc800",
        "text": "",
        "textType": "label"
      },
      {
        "from": "1",
        "color": "#ea5353",
        "text": "",
        "textType": "label"
      }
    ],
    "min": 0,
    "max": "1",
    "sizeThickness": 16,
    "sizeGap": 4,
    "sizeKeyThickness": 8,
    "styleRounded": true,
    "styleGlow": false,
    "className": "",
    "x": 1130,
    "y": 600,
    "wires": [
      []
    ]
  },
  {
    "id": "emqx-broker",
    "type": "mqtt-broker",
    "name": "EMQX",
    "broker": "emqx",
    "port": "1883",
    "clientid": "node-red-client",
    "autoConnect": true,
    "usetls": false,
    "protocolVersion": "4",
    "keepalive": "60",
    "cleansession": true,
    "autoUnsubscribe": true,
    "birthTopic": "",
    "birthQos": "0",
    "birthPayload": "",
    "birthMsg": {},
    "closeTopic": "",
    "closeQos": "0",
    "closePayload": "",
    "closeMsg": {},
    "willTopic": "",
    "willQos": "0",
    "willPayload": "",
    "willMsg": {},
    "userProps": "",
    "sessionExpiry": ""
  },
  {
    "id": "c9e35fbc32d82c9e",
    "type": "ui-group",
    "name": "Group Name",
    "page": "079e26bc39a62ad2",
    "width": 6,
    "height": 1,
    "order": 1,
    "showTitle": true,
    "className": "",
    "visible": "true",
    "disabled": "false",
    "groupType": "default"
  },
  {
    "id": "079e26bc39a62ad2",
    "type": "ui-page",
    "name": "Page Name",
    "ui": "workshop-dashboard",
    "path": "/page1",
    "icon": "home",
    "layout": "grid",
    "theme": "55baffd8d008f1b9",
    "breakpoints": [
      {
        "name": "Default",
        "px": "0",
        "cols": "3"
      },
      {
        "name": "Tablet",
        "px": "576",
        "cols": "6"
      },
      {
        "name": "Small Desktop",
        "px": "768",
        "cols": "9"
      },
      {
        "name": "Desktop",
        "px": "1024",
        "cols": "12"
      }
    ],
    "order": 1,
    "className": "",
    "visible": "true",
    "disabled": "false"
  },
  {
    "id": "workshop-dashboard",
    "type": "ui-base",
    "name": "IoT Workshop Dashboard",
    "path": "/dashboard",
    "includeClientData": true,
    "acceptsClientConfig": [
      "ui-control",
      "ui-notification"
    ]
  },
  {
    "id": "55baffd8d008f1b9",
    "type": "ui-theme",
    "name": "Theme Name",
    "colors": {
      "surface": "#ffffff",
      "primary": "#0094ce",
      "bgPage": "#eeeeee",
      "groupBg": "#ffffff",
      "groupOutline": "#cccccc"
    },
    "sizes": {
      "density": "default",
      "pagePadding": "12px",
      "groupGap": "12px",
      "groupBorderRadius": "4px",
      "widgetGap": "12px"
    }
  },
  {
    "id": "12f5556ae65e1afc",
    "type": "global-config",
    "env": [],
    "modules": {
      "@flowfuse/node-red-dashboard": "1.29.0"
    }
  }
]